{"test_loss": 0.08774139732122421, "test_pearson": 0.47808828949928284, "val_loss": [0.09246000647544861, 0.09128259867429733, 0.09038957953453064, 0.08997408300638199, 0.08862052112817764, 0.08850137889385223, 0.08822979032993317, 0.08822599798440933, 0.08837171643972397, 0.08894025534391403, 0.08798081427812576, 0.08898700028657913, 0.08861949294805527, 0.08840116113424301], "val_pearson": [0.4472377598285675, 0.45890334248542786, 0.46181005239486694, 0.463982492685318, 0.4749080240726471, 0.4768297076225281, 0.4789314866065979, 0.48103323578834534, 0.47902384400367737, 0.47441190481185913, 0.48076409101486206, 0.4805452227592468, 0.4782692790031433, 0.4807946979999542], "train_loss": [0.09768494218587875, 0.09127285331487656, 0.09043675661087036, 0.09007935971021652, 0.0891590341925621, 0.08861616253852844, 0.08838143199682236, 0.08821021765470505, 0.088106170296669, 0.08806014060974121, 0.0878976359963417, 0.08793101459741592, 0.08785592764616013, 0.08781297504901886], "train_pearson": [0.4235677719116211, 0.4537610411643982, 0.46107399463653564, 0.4644787013530731, 0.47324493527412415, 0.47801294922828674, 0.4802498519420624, 0.48192188143730164, 0.483187735080719, 0.48380953073501587, 0.4845571517944336, 0.48469632863998413, 0.4851393699645996, 0.4856216311454773]}