{"test_loss": 0.07576292008161545, "test_pearson": 0.6336047649383545, "val_loss": [0.07880809158086777, 0.07675007730722427, 0.07781458646059036, 0.07677106559276581, 0.07722534239292145], "val_pearson": [0.6230922341346741, 0.6269285678863525, 0.6277063488960266, 0.6279991865158081, 0.6280434727668762], "train_loss": [0.08400306850671768, 0.0770999938249588, 0.07683627307415009, 0.07669716328382492, 0.0766892358660698], "train_pearson": [0.6086538434028625, 0.627702534198761, 0.629260241985321, 0.6298033595085144, 0.6300708651542664]}