{"test_loss": 0.10073030740022659, "test_pearson": 0.5254213213920593, "val_loss": [0.1069590225815773, 0.10338874906301498, 0.10269564390182495, 0.10182558745145798, 0.10155890882015228, 0.10157796740531921, 0.10092592984437943, 0.10180177539587021, 0.10065662860870361, 0.1006695032119751, 0.10141684859991074, 0.10088348388671875], "val_pearson": [0.508747935295105, 0.5162025690078735, 0.5245346426963806, 0.5275390148162842, 0.5252565145492554, 0.528287410736084, 0.5284502506256104, 0.5281317234039307, 0.5284181237220764, 0.5286592245101929, 0.5283406376838684, 0.5306769609451294], "train_loss": [0.11214963346719742, 0.10285302251577377, 0.10170847177505493, 0.10127539187669754, 0.10106078535318375, 0.10088632255792618, 0.10078278183937073, 0.10077711194753647, 0.10060086101293564, 0.10059258341789246, 0.10057823359966278, 0.10049410164356232], "train_pearson": [0.49109548330307007, 0.5185122489929199, 0.5253446102142334, 0.528645932674408, 0.529980480670929, 0.5308806300163269, 0.5314425230026245, 0.5313618779182434, 0.5317911505699158, 0.5318838953971863, 0.5323341488838196, 0.5329660773277283]}