{"test_loss": 0.08712582290172577, "test_pearson": 0.6394930481910706, "val_loss": [0.08990705758333206, 0.09005378931760788, 0.09020281583070755, 0.08977040648460388, 0.08982738852500916, 0.09021875262260437, 0.08861564844846725, 0.08859635889530182, 0.09049730002880096, 0.08826316148042679, 0.0902378186583519, 0.08796118944883347, 0.08899220824241638, 0.08912064880132675, 0.08901278674602509], "val_pearson": [0.6259573101997375, 0.6302027702331543, 0.6337729692459106, 0.632927417755127, 0.6335049271583557, 0.6245417594909668, 0.6347787380218506, 0.636191189289093, 0.6355219483375549, 0.6348644495010376, 0.6360079050064087, 0.635980486869812, 0.6346529722213745, 0.6318886280059814, 0.6362825036048889], "train_loss": [0.09465784579515457, 0.08951286226511002, 0.08883780241012573, 0.08808387815952301, 0.08784523606300354, 0.0878630056977272, 0.0876026451587677, 0.08750106394290924, 0.0872933566570282, 0.08720874041318893, 0.0870579406619072, 0.08726118505001068, 0.0872439444065094, 0.08704674988985062, 0.0869913175702095], "train_pearson": [0.6117591857910156, 0.6317223310470581, 0.6351613402366638, 0.6386220455169678, 0.6396633982658386, 0.6402090787887573, 0.6415373682975769, 0.6419680714607239, 0.6428335309028625, 0.6430248618125916, 0.6433507204055786, 0.6435567140579224, 0.6435360312461853, 0.643850564956665, 0.6438933610916138]}