{"test_loss": 0.10245868563652039, "test_pearson": 0.5302857160568237, "val_loss": [0.10475771129131317, 0.10271934419870377, 0.10182221233844757, 0.10300590097904205, 0.10173031687736511, 0.1021258756518364, 0.10112731903791428, 0.10177493095397949, 0.10147212445735931, 0.10154592245817184], "val_pearson": [0.5258631110191345, 0.5336211919784546, 0.5375009179115295, 0.5295844078063965, 0.5404051542282104, 0.5426604747772217, 0.5430045127868652, 0.5392321348190308, 0.5408806204795837, 0.5397589802742004], "train_loss": [0.11539065837860107, 0.1037551686167717, 0.10295366495847702, 0.10255260020494461, 0.10238075256347656, 0.1022910624742508, 0.10207095742225647, 0.10204034298658371, 0.10184552520513535, 0.10193832218647003], "train_pearson": [0.5008368492126465, 0.5278228521347046, 0.5323081016540527, 0.534864068031311, 0.5358312726020813, 0.5369288921356201, 0.5377991199493408, 0.5383546352386475, 0.539366602897644, 0.539440929889679]}