{"test_loss": 0.07586684823036194, "test_pearson": 0.6323387622833252, "val_loss": [0.07832533866167068, 0.07693929970264435, 0.07691370695829391, 0.07780542969703674, 0.07722644507884979, 0.07679141312837601, 0.07685448229312897, 0.07699336111545563, 0.0768766775727272], "val_pearson": [0.6164164543151855, 0.6250435709953308, 0.6255857348442078, 0.625420093536377, 0.6262183785438538, 0.6261468529701233, 0.6262697577476501, 0.6251352429389954, 0.6259194016456604], "train_loss": [0.08638360351324081, 0.07796361297369003, 0.07700851559638977, 0.0768817737698555, 0.07685375213623047, 0.07677678018808365, 0.07675287127494812, 0.07674635201692581, 0.07676830887794495], "train_pearson": [0.6026654839515686, 0.6214316487312317, 0.6273431777954102, 0.6279650926589966, 0.6282874941825867, 0.628510057926178, 0.6285431981086731, 0.628688633441925, 0.6289054155349731]}