{"test_loss": 0.07176375389099121, "test_pearson": 0.48035678267478943, "val_loss": [0.07365526258945465, 0.07287575304508209, 0.07225517183542252, 0.07222756743431091, 0.07187313586473465, 0.07225950062274933, 0.07183166593313217, 0.07318103313446045, 0.07158669829368591, 0.07500263303518295, 0.07181217521429062, 0.07264561951160431], "val_pearson": [0.4735231101512909, 0.47865521907806396, 0.4818052351474762, 0.48137167096138, 0.48478806018829346, 0.4849981963634491, 0.4855951964855194, 0.4853215515613556, 0.48701414465904236, 0.4852254092693329, 0.4846256673336029, 0.485233336687088], "train_loss": [0.0853683352470398, 0.07902899384498596, 0.0782095417380333, 0.07802856713533401, 0.07775204628705978, 0.0776849165558815, 0.07772195339202881, 0.07760820537805557, 0.07746648788452148, 0.07740295678377151, 0.077429860830307, 0.07729079574346542], "train_pearson": [0.46120336651802063, 0.4810689687728882, 0.48638391494750977, 0.4882242977619171, 0.4901256561279297, 0.49126508831977844, 0.49170297384262085, 0.4921663701534271, 0.49307000637054443, 0.49324318766593933, 0.4936355650424957, 0.4940647780895233]}