{"test_loss": 0.09900403767824173, "test_pearson": 0.4172717034816742, "val_loss": [0.10148046165704727, 0.10203879326581955, 0.10268085449934006, 0.10070890933275223, 0.1026504635810852, 0.09932872653007507, 0.09950530529022217, 0.102687306702137, 0.09941668063402176], "val_pearson": [0.4029499888420105, 0.41027557849884033, 0.4109956920146942, 0.4176006019115448, 0.4126526415348053, 0.4194784164428711, 0.41672587394714355, 0.4206131398677826, 0.42002537846565247], "train_loss": [0.12390726804733276, 0.11685247719287872, 0.11616284400224686, 0.1156625896692276, 0.11535666882991791, 0.11525726318359375, 0.11499974876642227, 0.11491433531045914, 0.11488136649131775], "train_pearson": [0.3682856857776642, 0.4060734808444977, 0.4117603302001953, 0.41465330123901367, 0.41715988516807556, 0.4185737371444702, 0.420355886220932, 0.42115670442581177, 0.4218839704990387]}