{"test_loss": 0.10861218720674515, "test_pearson": 0.43799248337745667, "val_loss": [0.10943745821714401, 0.10860653966665268, 0.10831589251756668, 0.10819137096405029, 0.10875510424375534, 0.10799803584814072, 0.10792037844657898, 0.10935164988040924, 0.10823853313922882, 0.10899362713098526], "val_pearson": [0.4327338933944702, 0.4387529492378235, 0.44151967763900757, 0.44264471530914307, 0.44605231285095215, 0.4463612735271454, 0.4447503387928009, 0.44642823934555054, 0.4439992308616638, 0.44520795345306396], "train_loss": [0.11761781573295593, 0.1100771427154541, 0.10936205834150314, 0.1090635284781456, 0.10896162688732147, 0.10880086570978165, 0.10869169235229492, 0.10857243090867996, 0.10844096541404724, 0.10843163728713989], "train_pearson": [0.3929128050804138, 0.43108972907066345, 0.4367559254169464, 0.4390670657157898, 0.44027894735336304, 0.44165730476379395, 0.4425261318683624, 0.44348105788230896, 0.44428950548171997, 0.44446009397506714]}