{"test_loss": 0.10470584779977798, "test_pearson": 0.5145425796508789, "val_loss": [0.10490822792053223, 0.10469099134206772, 0.1042569950222969, 0.10435562580823898, 0.10373280197381973, 0.1046241968870163, 0.10374179482460022, 0.10404054075479507], "val_pearson": [0.5173009634017944, 0.5189010500907898, 0.5220175385475159, 0.5218850374221802, 0.5247003436088562, 0.5241579413414001, 0.5244630575180054, 0.5257675647735596], "train_loss": [0.11803208291530609, 0.1057124212384224, 0.10516470670700073, 0.10492604970932007, 0.10481603443622589, 0.1046069860458374, 0.10445985198020935, 0.10438748449087143], "train_pearson": [NaN, 0.5143168568611145, 0.5175513029098511, 0.5192197561264038, 0.5201616883277893, 0.5215632915496826, 0.5222883820533752, 0.5227907299995422]}