{"test_loss": 0.07741265743970871, "test_pearson": 0.6326812505722046, "val_loss": [0.07844938337802887, 0.07852959632873535, 0.07765872031450272, 0.07828433811664581, 0.07823017984628677, 0.07837750762701035], "val_pearson": [0.627009391784668, 0.6294637322425842, 0.6320820450782776, 0.630588948726654, 0.6323758959770203, 0.6283031702041626], "train_loss": [0.0833977609872818, 0.0790308341383934, 0.07853706926107407, 0.07827096432447433, 0.07820778340101242, 0.07816363871097565], "train_pearson": [0.6023939251899719, 0.6271832585334778, 0.6302059292793274, 0.6315488219261169, 0.6317812204360962, 0.6321118474006653]}