{"test_loss": 0.08089615404605865, "test_pearson": 0.6832637190818787, "val_loss": [0.08317157626152039, 0.08241984993219376, 0.08193130046129227, 0.08119256049394608, 0.08293337374925613, 0.0812111496925354, 0.08114679902791977, 0.08080604672431946, 0.08138562738895416, 0.08040791004896164, 0.08258187025785446, 0.08136650174856186, 0.0813799500465393], "val_pearson": [0.6751118898391724, 0.6835731863975525, 0.6848306655883789, 0.685966968536377, 0.6843729019165039, 0.684748649597168, 0.6847829818725586, 0.6862730979919434, 0.6848368644714355, 0.688266932964325, 0.6856490969657898, 0.6864133477210999, 0.6874542832374573], "train_loss": [0.088261179625988, 0.08312206715345383, 0.08211871981620789, 0.08173932135105133, 0.08157342672348022, 0.08160118013620377, 0.08141207695007324, 0.08117301017045975, 0.0811241939663887, 0.0810522735118866, 0.08097200840711594, 0.08100549876689911, 0.08089882135391235], "train_pearson": [0.6576274037361145, 0.6793257594108582, 0.6838172674179077, 0.6854066848754883, 0.6863070130348206, 0.6868412494659424, 0.6874854564666748, 0.6880630850791931, 0.6885907649993896, 0.6888324618339539, 0.6890060305595398, 0.6888905167579651, 0.6890208125114441]}