{"test_loss": 0.10984448343515396, "test_pearson": 0.4887467920780182, "val_loss": [0.11467229574918747, 0.11546619981527328, 0.1141207292675972, 0.11193783581256866, 0.11205326020717621, 0.11075866222381592, 0.11253975331783295, 0.10924548655748367, 0.10983628034591675, 0.10941813141107559, 0.11038673669099808], "val_pearson": [0.45535001158714294, 0.4649590253829956, 0.4696829915046692, 0.47751709818840027, 0.48547887802124023, 0.48864448070526123, 0.484628289937973, 0.4957655072212219, 0.49148428440093994, 0.4935254454612732, 0.4919748604297638], "train_loss": [0.12521900236606598, 0.1148223876953125, 0.11404187232255936, 0.11316993087530136, 0.111676886677742, 0.11111896485090256, 0.11055803298950195, 0.11025138944387436, 0.11003432422876358, 0.10987588763237, 0.10976725816726685], "train_pearson": [0.39793020486831665, 0.4585924446582794, 0.4639986455440521, 0.4704872667789459, 0.48056307435035706, 0.48494067788124084, 0.48844626545906067, 0.49083152413368225, 0.49266934394836426, 0.4932997226715088, 0.4943957030773163]}