{"test_loss": 0.08871878683567047, "test_pearson": 0.521532416343689, "val_loss": [0.09369390457868576, 0.08996749669313431, 0.08879121392965317, 0.08860483020544052, 0.08886200934648514, 0.08835044503211975, 0.08813931047916412, 0.08814514428377151, 0.0904419794678688, 0.08884116262197495], "val_pearson": [0.5043749213218689, 0.5147736072540283, 0.5252787470817566, 0.5251474976539612, 0.52610844373703, 0.5263177752494812, 0.5281764268875122, 0.5280642509460449, 0.5160831809043884, 0.5262690186500549], "train_loss": [0.09670442342758179, 0.09139294177293777, 0.09001963585615158, 0.08944563567638397, 0.08912795037031174, 0.08896922320127487, 0.08897265791893005, 0.08881641179323196, 0.08867491781711578, 0.08865402638912201], "train_pearson": [0.4662357568740845, 0.506123423576355, 0.516139030456543, 0.5210331678390503, 0.522921621799469, 0.5242931246757507, 0.5243676900863647, 0.5253857970237732, 0.5262385010719299, 0.5266677737236023]}