{"test_loss": 0.10968053340911865, "test_pearson": 0.2589189410209656, "val_loss": [0.1120779812335968, 0.11119481176137924, 0.11129943281412125, 0.11162347346544266, 0.11066970229148865, 0.11041871458292007, 0.11027737706899643, 0.11033550649881363, 0.11024308204650879, 0.11024237424135208, 0.11005835235118866, 0.11027226597070694, 0.10985543578863144, 0.11049585789442062, 0.10992886871099472, 0.11020396649837494], "val_pearson": [0.2365214079618454, 0.2403094470500946, 0.2370806187391281, 0.23682667315006256, 0.250180184841156, 0.25469717383384705, 0.2550849914550781, 0.25408825278282166, 0.25655820965766907, 0.25726911425590515, 0.2590498626232147, 0.2623435854911804, 0.2629622220993042, 0.2649703621864319, 0.26553067564964294, 0.2587491571903229], "train_loss": [0.11563263088464737, 0.11133828014135361, 0.11116133630275726, 0.11099828034639359, 0.11074837297201157, 0.11026135832071304, 0.11011654138565063, 0.11005993187427521, 0.10998526215553284, 0.10988005250692368, 0.1097380593419075, 0.1095963716506958, 0.10953447222709656, 0.10944750159978867, 0.10945966839790344, 0.10934966802597046], "train_pearson": [0.223457470536232, 0.24413645267486572, 0.24656854569911957, 0.24781478941440582, 0.2522967457771301, 0.26004722714424133, 0.2618234157562256, 0.26290032267570496, 0.26329413056373596, 0.2643611431121826, 0.26720309257507324, 0.26938167214393616, 0.27058297395706177, 0.2722955644130707, 0.2722494304180145, 0.2728217840194702]}