{"test_loss": 0.08327086269855499, "test_pearson": 0.6722136735916138, "val_loss": [0.0844302624464035, 0.08480429649353027, 0.0840151309967041, 0.08459635078907013, 0.08397822827100754, 0.08451787382364273, 0.08379652351140976, 0.08339709788560867, 0.08348637819290161, 0.08366101235151291, 0.0836048498749733], "val_pearson": [0.6688644289970398, 0.6705639958381653, 0.671790361404419, 0.6722902059555054, 0.6715079545974731, 0.673291027545929, 0.6734491586685181, 0.6744787096977234, 0.6752414107322693, 0.6744667291641235, 0.6741279363632202], "train_loss": [0.09835656732320786, 0.0853920578956604, 0.08464455604553223, 0.08431467413902283, 0.08410321921110153, 0.08392525464296341, 0.08378652483224869, 0.08368274569511414, 0.08367224782705307, 0.08348432928323746, 0.0835612565279007], "train_pearson": [0.6391844749450684, 0.6686888337135315, 0.6709972023963928, 0.6724194884300232, 0.6740875840187073, 0.6745100021362305, 0.6752091646194458, 0.6755174398422241, 0.6759882569313049, 0.6766852140426636, 0.6767668724060059]}