{"test_loss": 0.101685531437397, "test_pearson": 0.4085964858531952, "val_loss": [0.10299437493085861, 0.10273316502571106, 0.10196276754140854, 0.10194384306669235, 0.10199791938066483, 0.10193951427936554, 0.10172786563634872, 0.10187742859125137, 0.10179942101240158, 0.10169833153486252, 0.10165581107139587, 0.10180298238992691, 0.10216841101646423, 0.10193102061748505], "val_pearson": [0.3984992504119873, 0.40118277072906494, 0.4088740646839142, 0.40971869230270386, 0.410365492105484, 0.41067132353782654, 0.41088542342185974, 0.4109882116317749, 0.41168755292892456, 0.41132888197898865, 0.41203057765960693, 0.41049882769584656, 0.4104776680469513, 0.41014495491981506], "train_loss": [0.11003096401691437, 0.10287018865346909, 0.10244255512952805, 0.10194392502307892, 0.10182216763496399, 0.10172530263662338, 0.10177541524171829, 0.10173530876636505, 0.10171707719564438, 0.10165977478027344, 0.10163348913192749, 0.10163117200136185, 0.10166370868682861, 0.10162008553743362], "train_pearson": [0.3928428888320923, 0.4050336480140686, 0.4091419577598572, 0.41341012716293335, 0.4144830107688904, 0.4146682620048523, 0.4148578345775604, 0.4151895344257355, 0.41540512442588806, 0.41584038734436035, 0.4157973527908325, 0.4159430265426636, 0.4161185622215271, 0.4159928560256958]}