{"test_loss": 0.12028158456087112, "test_pearson": 0.2486068606376648, "val_loss": [0.12158841639757156, 0.12072927504777908, 0.12028595060110092, 0.12037944048643112, 0.11999467760324478, 0.12025734037160873, 0.12030851095914841, 0.12147565186023712], "val_pearson": [0.232627734541893, 0.2560873031616211, 0.2562190592288971, 0.2549457848072052, 0.2583306133747101, 0.25425592064857483, 0.25665754079818726, 0.25692686438560486], "train_loss": [0.12633556127548218, 0.1209697350859642, 0.12039008736610413, 0.12036372721195221, 0.12034676969051361, 0.12029191851615906, 0.12024573236703873, 0.1201845183968544], "train_pearson": [0.2202281802892685, 0.25056785345077515, 0.257625937461853, 0.2581092119216919, 0.257904052734375, 0.25878164172172546, 0.259570837020874, 0.26008546352386475]}