{"test_loss": 0.08407232165336609, "test_pearson": 0.6029499173164368, "val_loss": [0.08574546128511429, 0.08580091595649719, 0.0849611684679985, 0.08646351844072342, 0.08491399139165878, 0.08466347306966782, 0.08453256636857986, 0.08453306555747986, 0.08545670658349991, 0.08437708020210266, 0.08443370461463928, 0.08489169925451279, 0.08427480608224869, 0.08482176065444946, 0.08440249413251877, 0.08441954851150513], "val_pearson": [0.5942342877388, 0.5972652435302734, 0.5990087985992432, 0.6004088521003723, 0.6014673113822937, 0.6024866700172424, 0.6027275919914246, 0.6029482483863831, 0.6025161147117615, 0.6032503247261047, 0.6032525300979614, 0.6035944223403931, 0.6037019491195679, 0.6025092601776123, 0.6033773422241211, 0.6026244759559631], "train_loss": [0.09258853644132614, 0.08575751632452011, 0.0852968618273735, 0.08495207875967026, 0.0849369689822197, 0.0846746489405632, 0.08468920737504959, 0.08458561450242996, 0.08462224155664444, 0.08451362699270248, 0.08445340394973755, 0.08445635437965393, 0.08435936272144318, 0.08443158864974976, 0.08449872583150864, 0.08440395444631577], "train_pearson": [0.5755522847175598, 0.5973218679428101, 0.6002378463745117, 0.6016762256622314, 0.6022725105285645, 0.6033328175544739, 0.6037523746490479, 0.6043093800544739, 0.6046555638313293, 0.6048961877822876, 0.604951798915863, 0.6053448915481567, 0.6052659153938293, 0.605492889881134, 0.6054374575614929, 0.6056214570999146]}