{"test_loss": 0.10636033117771149, "test_pearson": 0.5985762476921082, "val_loss": [0.11508626490831375, 0.110965795814991, 0.10914257168769836, 0.10732042789459229, 0.10735355317592621, 0.10692263394594193, 0.10725845396518707, 0.10703965276479721, 0.10715007781982422], "val_pearson": [0.5658345818519592, 0.5813230872154236, 0.5895354747772217, 0.5944685339927673, 0.5965767502784729, 0.5969215631484985, 0.5982813239097595, 0.6011756062507629, 0.5976694822311401], "train_loss": [0.12646235525608063, 0.11191345751285553, 0.10945639759302139, 0.10839436948299408, 0.10763059556484222, 0.1069820374250412, 0.1066264882683754, 0.10626038908958435, 0.10615736991167068], "train_pearson": [0.5320912003517151, 0.5736694931983948, 0.5863757133483887, 0.5918317437171936, 0.5950536131858826, 0.5983719229698181, 0.6004650592803955, 0.6015937328338623, 0.6026566624641418]}