{"test_loss": 0.10948479175567627, "test_pearson": 0.2602817118167877, "val_loss": [0.11142916232347488, 0.11167443543672562, 0.11183760315179825, 0.11119619011878967, 0.1107150986790657, 0.11042550206184387, 0.10986048728227615, 0.10952658206224442, 0.10948112607002258, 0.11004099249839783, 0.10967268794775009, 0.10960385948419571], "val_pearson": [0.23571081459522247, 0.23986518383026123, 0.2397059202194214, 0.2398952841758728, 0.2477485090494156, 0.26018261909484863, 0.2630527913570404, 0.2674318552017212, 0.26826992630958557, 0.26688331365585327, 0.264363557100296, 0.2671101689338684], "train_loss": [0.11822108924388885, 0.11124449968338013, 0.1110985055565834, 0.11097987741231918, 0.11075469106435776, 0.10992293804883957, 0.10954271256923676, 0.1094074621796608, 0.10934153199195862, 0.10931342840194702, 0.10931513458490372, 0.10927540063858032], "train_pearson": [0.2237316071987152, 0.24628832936286926, 0.24760696291923523, 0.2485770583152771, 0.25144416093826294, 0.2662550210952759, 0.27154281735420227, 0.2734127342700958, 0.2744970917701721, 0.27484917640686035, 0.27532488107681274, 0.27537527680397034]}