{"test_loss": 0.08237765729427338, "test_pearson": 0.6139443516731262, "val_loss": [0.08404985815286636, 0.08328351378440857, 0.08454407006502151, 0.08446551114320755, 0.08298712223768234, 0.08559579402208328, 0.08318331092596054, 0.08280138671398163, 0.08427746593952179, 0.08245796710252762, 0.08247368037700653, 0.08436328917741776, 0.08328959345817566], "val_pearson": [0.6051102876663208, 0.6106023788452148, 0.6121408939361572, 0.6136922240257263, 0.6134799122810364, 0.6137185096740723, 0.6105935573577881, 0.6136823892593384, 0.6097050309181213, 0.6154541373252869, 0.6146989464759827, 0.6106288433074951, 0.614900529384613], "train_loss": [0.09195155650377274, 0.08399058878421783, 0.08352243155241013, 0.08319137990474701, 0.08310435712337494, 0.08302134275436401, 0.08306799829006195, 0.08290397375822067, 0.08292271941900253, 0.08273190259933472, 0.08261561393737793, 0.08257059752941132, 0.08248468488454819], "train_pearson": [0.5809151530265808, 0.6085993051528931, 0.6119498014450073, 0.6133875846862793, 0.6138975024223328, 0.6147103309631348, 0.6150841116905212, 0.6152061223983765, 0.6152777075767517, 0.6161593794822693, 0.6166486740112305, 0.6168491840362549, 0.6167949438095093]}