{"test_loss": 0.1082802414894104, "test_pearson": NaN, "val_loss": [0.10849498957395554, 0.10818028450012207, 0.10811430215835571, 0.10822813957929611, 0.1081121638417244, 0.10814061760902405, 0.10814502835273743, 0.10825687646865845], "val_pearson": [0.21788038313388824, 0.22285223007202148, 0.22396722435951233, 0.22387740015983582, 0.22391080856323242, 0.22373004257678986, 0.22388282418251038, 0.22328953444957733], "train_loss": [0.1105242446064949, 0.10859623551368713, 0.1084240972995758, 0.10839209705591202, 0.10837221890687943, 0.10836970806121826, 0.10835836082696915, 0.10833347588777542], "train_pearson": [0.20802919566631317, 0.2173595279455185, 0.22031648457050323, 0.22143961489200592, 0.22187566757202148, 0.22182148694992065, 0.22141698002815247, 0.22199834883213043]}