{"test_loss": 0.07927266508340836, "test_pearson": 0.5078359842300415, "val_loss": [0.08228293806314468, 0.08020070195198059, 0.07999853789806366, 0.08038375526666641, 0.07964091747999191, 0.07987639307975769, 0.07955899834632874, 0.07975684851408005, 0.07967626303434372, 0.07951992005109787, 0.07934920489788055, 0.07944770157337189, 0.08047487586736679, 0.07955384999513626], "val_pearson": [0.4861387312412262, 0.5056171417236328, 0.5083848237991333, 0.5072170495986938, 0.5111494660377502, 0.5113295912742615, 0.5113665461540222, 0.5103336572647095, 0.5125412940979004, 0.5134623050689697, 0.5144534111022949, 0.5134184956550598, 0.5131129026412964, 0.5147085785865784], "train_loss": [0.08900732547044754, 0.0811741054058075, 0.08050057291984558, 0.08025309443473816, 0.07997747510671616, 0.07984902709722519, 0.07969895005226135, 0.07966740429401398, 0.07958126813173294, 0.07955782860517502, 0.07951865345239639, 0.07954723387956619, 0.07945358753204346, 0.07951442897319794], "train_pearson": [0.45030224323272705, 0.5004310011863708, 0.5069504976272583, 0.509112536907196, 0.5105326771736145, 0.5117560029029846, 0.5129448771476746, 0.5135356187820435, 0.5139682292938232, 0.514754056930542, 0.5149791836738586, 0.5149048566818237, 0.5152044892311096, 0.5151236653327942]}