{"test_loss": 0.07321241497993469, "test_pearson": 0.5513588786125183, "val_loss": [0.07573734223842621, 0.07554112374782562, 0.07596927136182785, 0.07534582167863846, 0.0741904154419899, 0.07399880886077881, 0.07538694888353348, 0.0735277608036995, 0.07369404286146164, 0.0757238119840622, 0.07371021807193756], "val_pearson": [0.5406445264816284, 0.5437743067741394, 0.5466216802597046, 0.5535217523574829, 0.5534639358520508, 0.5547972321510315, 0.5453206300735474, 0.5542968511581421, 0.5556622743606567, 0.5536572337150574, 0.5543041825294495], "train_loss": [0.07801195234060287, 0.0752701386809349, 0.07482017576694489, 0.07429260015487671, 0.07400939613580704, 0.0738435760140419, 0.07378074526786804, 0.0737777054309845, 0.07373025268316269, 0.07366010546684265, 0.07366343587636948], "train_pearson": [0.5212426781654358, 0.5433595776557922, 0.5468969345092773, 0.5510182976722717, 0.5534436702728271, 0.5544779896736145, 0.555785596370697, 0.5557816624641418, 0.5561403036117554, 0.556602954864502, 0.5564265251159668]}