{"test_loss": 0.06443966180086136, "test_pearson": 0.5511786341667175, "val_loss": [0.0681711956858635, 0.06996931880712509, 0.06711637228727341, 0.06613770872354507, 0.06567970663309097, 0.06499850749969482, 0.06514443457126617, 0.06496141850948334, 0.06481114774942398, 0.06596656888723373, 0.06460961699485779, 0.06488298624753952, 0.06487720459699631, 0.06442239135503769, 0.06503808498382568, 0.06484124809503555, 0.06437712162733078, 0.0644816905260086, 0.06452353298664093, 0.06585711240768433], "val_pearson": [0.5207117199897766, 0.5240908861160278, 0.5294334292411804, 0.5360229015350342, 0.5426209568977356, 0.5476530194282532, 0.5511997938156128, 0.5481473207473755, 0.5495529174804688, 0.5490321516990662, 0.5513013005256653, 0.5499460697174072, 0.5530146956443787, 0.5531516075134277, 0.5491011142730713, 0.5530009865760803, 0.5536116361618042, 0.5540840029716492, 0.5537805557250977, 0.5525979995727539], "train_loss": [0.07250957190990448, 0.0676770955324173, 0.06726972758769989, 0.06671376526355743, 0.06607161462306976, 0.06521587073802948, 0.0648408979177475, 0.0647001788020134, 0.0646972730755806, 0.06459588557481766, 0.06456418335437775, 0.0644439160823822, 0.0644695907831192, 0.06441923975944519, 0.06437620520591736, 0.06431441754102707, 0.06425616890192032, 0.0642407163977623, 0.06426677107810974, 0.06418546289205551], "train_pearson": [0.49828460812568665, 0.5240007042884827, 0.5286530256271362, 0.5334752798080444, 0.5396623015403748, 0.5484110713005066, 0.5522867441177368, 0.5532994866371155, 0.5540052652359009, 0.5544673204421997, 0.5549903512001038, 0.5556296706199646, 0.5559045672416687, 0.556613028049469, 0.5566607713699341, 0.5576525926589966, 0.5576509833335876, 0.5577709674835205, 0.5580723881721497, 0.558485746383667]}