{"test_loss": 0.0744229331612587, "test_pearson": 0.5402108430862427, "val_loss": [0.07814887166023254, 0.07622923702001572, 0.07631717622280121, 0.07560327649116516, 0.07544829696416855, 0.0752192959189415, 0.07581710815429688, 0.07487387210130692, 0.07507532835006714, 0.07743997126817703, 0.07539232820272446], "val_pearson": [0.5141202807426453, 0.5312586426734924, 0.5372205376625061, 0.5381970405578613, 0.5392173528671265, 0.5393306016921997, 0.5401663184165955, 0.5425314903259277, 0.5417617559432983, 0.5404277443885803, 0.542174756526947], "train_loss": [0.08651397377252579, 0.07714392244815826, 0.0761316567659378, 0.07565762847661972, 0.07558156549930573, 0.07535648345947266, 0.07520166784524918, 0.07519765943288803, 0.0751308724284172, 0.0750926211476326, 0.07501291483640671], "train_pearson": [NaN, 0.5254301428794861, 0.5351241827011108, 0.5379436612129211, 0.5399537086486816, 0.5415714383125305, 0.5423320531845093, 0.5432641506195068, 0.5441092848777771, 0.5442682504653931, 0.5445697903633118]}