{"test_loss": 0.11677354574203491, "test_pearson": 0.19548960030078888, "val_loss": [0.11722345650196075, 0.11662062257528305, 0.11665951460599899, 0.11697469651699066, 0.11667178571224213], "val_pearson": [0.2046707719564438, 0.20325545966625214, 0.2042185366153717, 0.2030118703842163, 0.20374096930027008], "train_loss": [0.11899714916944504, 0.1168273314833641, 0.11679612100124359, 0.11678339540958405, 0.11677839607000351], "train_pearson": [NaN, 0.2036081999540329, 0.20372171700000763, 0.20398758351802826, 0.2040649652481079]}