{"test_loss": 0.07962143421173096, "test_pearson": 0.5043666362762451, "val_loss": [0.0816999301314354, 0.08040738105773926, 0.08017322421073914, 0.08100143074989319, 0.08058805018663406, 0.07966804504394531, 0.08138211071491241, 0.08059684187173843, 0.07987185567617416], "val_pearson": [0.49744486808776855, 0.5056229829788208, 0.5063547492027283, 0.5098357796669006, 0.5108951926231384, 0.5111981630325317, 0.5091492533683777, 0.5079281330108643, 0.5101898908615112], "train_loss": [0.08687647432088852, 0.0811508372426033, 0.08061888813972473, 0.08033175021409988, 0.08016400784254074, 0.0800725594162941, 0.07992754876613617, 0.07981187105178833, 0.07975286990404129], "train_pearson": [0.4720739424228668, 0.5019441843032837, 0.5058638453483582, 0.507787823677063, 0.5090113878250122, 0.5102007389068604, 0.5114094614982605, 0.5120881199836731, 0.5130082368850708]}