{"test_loss": 0.12076286226511002, "test_pearson": 0.24042512476444244, "val_loss": [0.12428300082683563, 0.12130433320999146, 0.12150608748197556, 0.12101544439792633, 0.12099982798099518, 0.12078416347503662, 0.12092118710279465, 0.12144962698221207, 0.12076772749423981, 0.120498888194561, 0.12063858658075333, 0.12117379158735275, 0.12059302628040314], "val_pearson": [0.234021857380867, 0.23914577066898346, 0.2399033010005951, 0.24527177214622498, 0.24649854004383087, 0.24501848220825195, 0.24607659876346588, 0.24940672516822815, 0.2472415268421173, 0.2500271201133728, 0.2482561469078064, 0.24742265045642853, 0.2491607666015625], "train_loss": [0.12602776288986206, 0.12175199389457703, 0.12137558311223984, 0.12123984843492508, 0.12093754857778549, 0.12089034169912338, 0.12083500623703003, 0.12076103687286377, 0.12073899805545807, 0.12077751010656357, 0.1207217201590538, 0.12069274485111237, 0.12068663537502289], "train_pearson": [0.2198323756456375, 0.23718176782131195, 0.242217019200325, 0.24351324141025543, 0.24631738662719727, 0.24754853546619415, 0.24747972190380096, 0.2489088773727417, 0.2491876482963562, 0.24890029430389404, 0.24927543103694916, 0.24995383620262146, 0.24993020296096802]}