{"test_loss": 0.0730680599808693, "test_pearson": 0.581122100353241, "val_loss": [0.07643058896064758, 0.07550273835659027, 0.07521849870681763, 0.0746830403804779, 0.07446540892124176, 0.07429100573062897, 0.07450397312641144, 0.07489625364542007, 0.07682958245277405], "val_pearson": [0.5575284361839294, 0.5623109936714172, 0.5685417056083679, 0.570762038230896, 0.5711449384689331, 0.5719916224479675, 0.5731810927391052, 0.5711878538131714, 0.5737794637680054], "train_loss": [0.09114422649145126, 0.07573088258504868, 0.07514335215091705, 0.07437466830015182, 0.07409387081861496, 0.07391331344842911, 0.07365616410970688, 0.07374364882707596, 0.07362714409828186], "train_pearson": [0.5193803906440735, 0.5660521388053894, 0.569868266582489, 0.5750352740287781, 0.5773943662643433, 0.5792138576507568, 0.5799401998519897, 0.5801658630371094, 0.5811349749565125]}