{"test_loss": 0.08778701722621918, "test_pearson": 0.5360462069511414, "val_loss": [0.08966847509145737, 0.08889325708150864, 0.08889499306678772, 0.08776216953992844, 0.08921767771244049, 0.08788443356752396, 0.0878991186618805], "val_pearson": [0.5254905223846436, 0.5352314114570618, 0.5371983051300049, 0.5385974049568176, 0.5405755043029785, 0.5400220155715942, 0.5400159955024719], "train_loss": [0.09497115761041641, 0.08983051776885986, 0.08925402164459229, 0.08891705423593521, 0.08861041069030762, 0.08846352249383926, 0.08838698267936707], "train_pearson": [0.5006524920463562, 0.5272312760353088, 0.5315695405006409, 0.5342238545417786, 0.536231517791748, 0.5377413034439087, 0.5380210280418396]}