{"test_loss": 0.08574000000953674, "test_pearson": 0.2278282195329666, "val_loss": [0.08772348612546921, 0.08686058223247528, 0.08650130033493042, 0.08639593422412872, 0.08648975193500519, 0.08612971007823944, 0.08628879487514496, 0.08613788336515427, 0.08607922494411469, 0.08598010241985321, 0.08614177256822586, 0.08603205531835556, 0.08660358190536499], "val_pearson": [0.18869668245315552, 0.21075113117694855, 0.22087334096431732, 0.22412291169166565, 0.22460846602916718, 0.22864587604999542, 0.23298370838165283, 0.22815674543380737, 0.2329552322626114, 0.23252879083156586, 0.2308291643857956, 0.23139993846416473, 0.22727450728416443], "train_loss": [0.09303208440542221, 0.08726052939891815, 0.08687794953584671, 0.08651027828454971, 0.0862734317779541, 0.08606696128845215, 0.0859711617231369, 0.08591634035110474, 0.08584316074848175, 0.0858207568526268, 0.08580882847309113, 0.08573165535926819, 0.08579297363758087], "train_pearson": [0.16806641221046448, 0.2091701328754425, 0.21986576914787292, 0.22563032805919647, 0.23219288885593414, 0.23532448709011078, 0.2372501641511917, 0.23872965574264526, 0.23991942405700684, 0.24048008024692535, 0.24135008454322815, 0.24246414005756378, 0.2415492981672287]}