{"test_loss": 0.06967554986476898, "test_pearson": 0.6546791791915894, "val_loss": [0.07310833781957626, 0.07095800340175629, 0.07010799646377563, 0.06968113780021667, 0.07120228558778763, 0.06977435201406479, 0.06996031105518341], "val_pearson": [0.6521430611610413, 0.6503654718399048, 0.6563446521759033, 0.6576347947120667, 0.6571069359779358, 0.6576476097106934, 0.6577270030975342], "train_loss": [0.07601471245288849, 0.07088210433721542, 0.07070057839155197, 0.07040145993232727, 0.07025440037250519, 0.0702134445309639, 0.07013068348169327], "train_pearson": [0.6337124109268188, 0.6539540886878967, 0.6558811068534851, 0.6568489670753479, 0.6572344303131104, 0.6576708555221558, 0.6578675508499146]}