{"test_loss": 0.0999658852815628, "test_pearson": 0.36837682127952576, "val_loss": [0.10350799560546875, 0.10591602325439453, 0.10105240345001221, 0.10017402470111847, 0.10325814038515091, 0.1004466786980629, 0.10089829564094543], "val_pearson": [0.3657371699810028, 0.36921095848083496, 0.3741017282009125, 0.3750576078891754, 0.3742702901363373, 0.37438422441482544, 0.37541908025741577], "train_loss": [0.12272880971431732, 0.11713724583387375, 0.11644872277975082, 0.11609415709972382, 0.11589052528142929, 0.1159806102514267, 0.11574112623929977], "train_pearson": [0.3437739908695221, 0.37237781286239624, 0.3779105246067047, 0.3797166347503662, 0.3813939392566681, 0.3819918930530548, 0.3828536570072174]}