{"test_loss": 0.07029574364423752, "test_pearson": 0.682398796081543, "val_loss": [0.0723961591720581, 0.07333587855100632, 0.07081343233585358, 0.07050694525241852, 0.0703710988163948, 0.07058670371770859, 0.07047265768051147, 0.07026848196983337, 0.07050444930791855, 0.07047201693058014, 0.07065354287624359], "val_pearson": [0.6735986471176147, 0.6780360341072083, 0.6803603172302246, 0.6816344261169434, 0.6825623512268066, 0.6819670796394348, 0.6829681992530823, 0.6835678219795227, 0.6836137771606445, 0.6833208203315735, 0.6843506097793579], "train_loss": [0.07893981784582138, 0.07230304926633835, 0.07187159359455109, 0.0713576152920723, 0.07114259153604507, 0.07108777016401291, 0.07098108530044556, 0.07082771509885788, 0.07077039778232574, 0.07074307650327682, 0.07054129987955093], "train_pearson": [0.6534081697463989, 0.6742374300956726, 0.6766774654388428, 0.679205596446991, 0.6803086996078491, 0.6809587478637695, 0.6816039681434631, 0.6824709177017212, 0.6826078295707703, 0.6833989024162292, 0.6836751103401184]}