{"test_loss": 0.08609116822481155, "test_pearson": 0.381870299577713, "val_loss": [0.08849266916513443, 0.08699287474155426, 0.0852670967578888, 0.08482789993286133, 0.08551035821437836, 0.0844588503241539, 0.08520644158124924, 0.08451934158802032, 0.08479877561330795], "val_pearson": [0.37789830565452576, 0.3902941048145294, 0.3952876627445221, 0.400804340839386, 0.4069916307926178, 0.4058019518852234, 0.41174113750457764, 0.4119812548160553, 0.4083293080329895], "train_loss": [0.09302877634763718, 0.08757026493549347, 0.08678161352872849, 0.08634378015995026, 0.08575882762670517, 0.08551928400993347, 0.08508981764316559, 0.08484303206205368, 0.08481179177761078], "train_pearson": [0.33780282735824585, 0.376464307308197, 0.3855949938297272, 0.3913479745388031, 0.39552929997444153, 0.3998509347438812, 0.4031723737716675, 0.40509456396102905, 0.40701696276664734]}