{"test_loss": 0.07795402407646179, "test_pearson": 0.6020767092704773, "val_loss": [0.08452605456113815, 0.08250037580728531, 0.0802939385175705, 0.08030600845813751, 0.07895726710557938, 0.08041474968194962, 0.07847972214221954, 0.07837307453155518, 0.07900228351354599, 0.07908090949058533, 0.07823994755744934, 0.07891528308391571, 0.08138930797576904, 0.07847516983747482], "val_pearson": [0.5636505484580994, 0.5772777199745178, 0.5930934548377991, 0.5938180685043335, 0.6012101769447327, 0.6009538173675537, 0.6040410399436951, 0.6062286496162415, 0.6024361848831177, 0.6036232709884644, 0.605951726436615, 0.6050136089324951, 0.6023992896080017, 0.6044409871101379], "train_loss": [0.09275899827480316, 0.08369624614715576, 0.0815679207444191, 0.08019060641527176, 0.07964355498552322, 0.07867725938558578, 0.07849413901567459, 0.07805237174034119, 0.07801815867424011, 0.0779150053858757, 0.07783303409814835, 0.07782255858182907, 0.0777096077799797, 0.07781828194856644], "train_pearson": [0.5390759110450745, 0.5725265741348267, 0.5874247550964355, 0.5962174534797668, 0.5999501943588257, 0.6058577299118042, 0.6082228422164917, 0.6097157001495361, 0.6101112365722656, 0.6106736660003662, 0.6110954284667969, 0.6112909913063049, 0.611730694770813, 0.6115370988845825]}