{"test_loss": 0.08981237560510635, "test_pearson": 0.39940130710601807, "val_loss": [0.09050978720188141, 0.0901188850402832, 0.09009498357772827, 0.09083510935306549, 0.08938848227262497, 0.08933435380458832, 0.08937244117259979, 0.08966351300477982, 0.08953211456537247], "val_pearson": [0.3892691433429718, 0.39403584599494934, 0.39908894896507263, 0.39390239119529724, 0.40223321318626404, 0.4060215353965759, 0.40577664971351624, 0.4071592390537262, 0.4070288836956024], "train_loss": [0.09494766592979431, 0.0908769965171814, 0.09017185866832733, 0.08980612456798553, 0.08962074667215347, 0.089470274746418, 0.08933254331350327, 0.08923600614070892, 0.08909907937049866], "train_pearson": [0.363870233297348, 0.38954079151153564, 0.39754927158355713, 0.40142741799354553, 0.40386703610420227, 0.4050661325454712, 0.406732439994812, 0.40796732902526855, 0.4091990888118744]}