{"test_loss": 0.09292133897542953, "test_pearson": 0.38053569197654724, "val_loss": [0.09349595010280609, 0.09452622383832932, 0.09300974011421204, 0.09377194941043854, 0.09291164577007294, 0.09380795061588287, 0.09410452842712402, 0.09307752549648285], "val_pearson": [0.381272554397583, 0.3842768669128418, 0.38417649269104004, 0.3852311968803406, 0.3850676715373993, 0.38309091329574585, 0.3845895826816559, 0.3850134313106537], "train_loss": [0.0975947231054306, 0.092969611287117, 0.09280789643526077, 0.09270139038562775, 0.0926942303776741, 0.09267265349626541, 0.0927010253071785, 0.09262792766094208], "train_pearson": [0.3716636002063751, 0.3877824544906616, 0.3890167474746704, 0.3893669843673706, 0.3898012042045593, 0.3900342285633087, 0.3896941542625427, 0.3898851275444031]}