{"test_loss": 0.08591356128454208, "test_pearson": 0.3823989927768707, "val_loss": [0.086226686835289, 0.08589044213294983, 0.08594373613595963, 0.08463387191295624, 0.08456781506538391, 0.0850282609462738, 0.0851210355758667, 0.08470703661441803], "val_pearson": [0.38601258397102356, 0.40030473470687866, 0.4006129503250122, 0.4061168134212494, 0.40401512384414673, 0.40676748752593994, 0.40726032853126526, 0.40543702244758606], "train_loss": [0.10119858384132385, 0.08721470087766647, 0.08652620762586594, 0.08602272719144821, 0.0857570618391037, 0.08569397777318954, 0.08540093898773193, 0.08531913161277771], "train_pearson": [0.32878372073173523, 0.38051536679267883, 0.3891647160053253, 0.394048273563385, 0.39566195011138916, 0.3974887430667877, 0.4000245928764343, 0.40135934948921204]}