{"test_loss": 0.06637130677700043, "test_pearson": 0.45744115114212036, "val_loss": [0.06916356086730957, 0.06802915781736374, 0.06736334413290024, 0.06758972257375717, 0.06719298660755157, 0.06683482974767685, 0.06713048368692398, 0.06656555831432343, 0.0668230801820755, 0.06658628582954407, 0.06683807820081711], "val_pearson": [0.4362395107746124, 0.4436568021774292, 0.45382076501846313, 0.44975996017456055, 0.4580114483833313, 0.4607034921646118, 0.45679518580436707, 0.46381083130836487, 0.46435025334358215, 0.4646812677383423, 0.46086713671684265], "train_loss": [0.0766124576330185, 0.06832411140203476, 0.06715496629476547, 0.06680698692798615, 0.06672150641679764, 0.0665634274482727, 0.06645632535219193, 0.06625518947839737, 0.06601174175739288, 0.06587260216474533, 0.06578586250543594], "train_pearson": [0.39763689041137695, 0.4426702857017517, 0.45743072032928467, 0.4618459939956665, 0.46339669823646545, 0.4654562771320343, 0.4669000208377838, 0.46943050622940063, 0.47199541330337524, 0.4742082953453064, 0.475305438041687]}