{"test_loss": 0.12770774960517883, "test_pearson": 0.3465389311313629, "val_loss": [0.13311757147312164, 0.13008162379264832, 0.12957429885864258, 0.13017956912517548, 0.12887625396251678, 0.12838417291641235, 0.12964767217636108, 0.12871553003787994, 0.1281799077987671, 0.12925510108470917, 0.12790662050247192, 0.13094697892665863, 0.12824100255966187, 0.1286497861146927], "val_pearson": [0.3191070854663849, 0.3299422562122345, 0.33563724160194397, 0.33660998940467834, 0.34144148230552673, 0.3457154631614685, 0.344556987285614, 0.34724321961402893, 0.34793975949287415, 0.34769949316978455, 0.3504769802093506, 0.3387199342250824, 0.3516078293323517, 0.34732943773269653], "train_loss": [0.138223335146904, 0.13043445348739624, 0.12961693108081818, 0.12891097366809845, 0.12848606705665588, 0.12813526391983032, 0.12785704433918, 0.1277289241552353, 0.12756067514419556, 0.12740886211395264, 0.12732423841953278, 0.1273096352815628, 0.12716935575008392, 0.1271839737892151], "train_pearson": [0.2942354679107666, 0.3312501609325409, 0.3393162190914154, 0.3450823128223419, 0.3496445417404175, 0.35234886407852173, 0.3549601137638092, 0.3564542531967163, 0.35790181159973145, 0.3589616119861603, 0.3605025112628937, 0.36081257462501526, 0.3615836203098297, 0.36138713359832764]}