{"test_loss": 0.060923945158720016, "test_pearson": 0.4094051122665405, "val_loss": [0.06210530176758766, 0.061570197343826294, 0.061524782329797745, 0.06142618507146835, 0.0614941231906414, 0.06132183223962784, 0.06121340021491051, 0.06148742511868477, 0.062112510204315186, 0.06109900772571564, 0.06125470623373985, 0.06146058440208435, 0.061368558555841446], "val_pearson": [0.3965972661972046, 0.4040091931819916, 0.4025038778781891, 0.4046971797943115, 0.40401598811149597, 0.40567630529403687, 0.4069102704524994, 0.40422323346138, 0.40855783224105835, 0.4088897407054901, 0.40853890776634216, 0.4078052043914795, 0.4097611606121063], "train_loss": [0.06833828240633011, 0.06327927857637405, 0.06306728720664978, 0.06295816600322723, 0.06286480277776718, 0.06285733729600906, 0.06271370500326157, 0.06268206983804703, 0.0625869482755661, 0.06256034225225449, 0.06246042996644974, 0.06242986023426056, 0.06246046721935272], "train_pearson": [0.36699527502059937, 0.40328213572502136, 0.4066535234451294, 0.4084816873073578, 0.40961864590644836, 0.4107497036457062, 0.4120360314846039, 0.41347450017929077, 0.4145253896713257, 0.4153589606285095, 0.4158436059951782, 0.4164429008960724, 0.4164978861808777]}