{"test_loss": 0.0909779816865921, "test_pearson": 0.35080501437187195, "val_loss": [0.09283455461263657, 0.09122057259082794, 0.09109018743038177, 0.09136190265417099, 0.09144581854343414, 0.09101705998182297, 0.09103485196828842, 0.09134164452552795, 0.09087342768907547, 0.09083184599876404, 0.09093363583087921, 0.09091661870479584, 0.09124605357646942], "val_pearson": [0.34959161281585693, 0.35271212458610535, 0.35346436500549316, 0.3537360727787018, 0.35417163372039795, 0.35589563846588135, 0.3550072908401489, 0.35629013180732727, 0.35705897212028503, 0.3566140830516815, 0.3563202917575836, 0.3560439348220825, 0.3553690016269684], "train_loss": [0.10023486614227295, 0.0916181206703186, 0.09149264544248581, 0.0913623496890068, 0.09124232828617096, 0.09119439125061035, 0.09115681797266006, 0.09113004058599472, 0.09112635254859924, 0.09113912284374237, 0.09112534672021866, 0.09114116430282593, 0.0911559909582138], "train_pearson": [0.32867124676704407, 0.35044339299201965, 0.35112234950065613, 0.35267263650894165, 0.3538914918899536, 0.35452020168304443, 0.3551681339740753, 0.3553970754146576, 0.35554632544517517, 0.3554728329181671, 0.3559504449367523, 0.35545167326927185, 0.3552534580230713]}