{"test_loss": 0.0874849334359169, "test_pearson": 0.29154977202415466, "val_loss": [0.08833201974630356, 0.08871443569660187, 0.08791590481996536, 0.08887918293476105, 0.08751630783081055, 0.08888868987560272, 0.08763954788446426, 0.08864061534404755], "val_pearson": [0.281100332736969, 0.29459965229034424, 0.29423969984054565, 0.2907258868217468, 0.29348522424697876, 0.2959940433502197, 0.294321209192276, 0.29551467299461365], "train_loss": [0.1104913204908371, 0.10299775004386902, 0.10263379663228989, 0.10261940211057663, 0.10251911729574203, 0.10234672576189041, 0.1023482084274292, 0.10219580680131912], "train_pearson": [0.2663900554180145, 0.28626468777656555, 0.29025161266326904, 0.2909744679927826, 0.29133719205856323, 0.2928101718425751, 0.2935042083263397, 0.2946988642215729]}