{"test_loss": 0.10026416182518005, "test_pearson": 0.5364933013916016, "val_loss": [0.10376062989234924, 0.10283328592777252, 0.10145286470651627, 0.10070512443780899, 0.10111763328313828, 0.10047031939029694, 0.10028833150863647, 0.10147395730018616, 0.10063254833221436, 0.10033872723579407], "val_pearson": [0.5169531106948853, 0.5276389718055725, 0.5340601801872253, 0.538158655166626, 0.537062406539917, 0.5386016964912415, 0.5387868285179138, 0.5359933376312256, 0.5373817086219788, 0.538325309753418], "train_loss": [0.11061379313468933, 0.10371717065572739, 0.10246783494949341, 0.10193760693073273, 0.10163391381502151, 0.10134577751159668, 0.1011529341340065, 0.10099317133426666, 0.10090751200914383, 0.10072723776102066], "train_pearson": [0.47820910811424255, 0.5189749598503113, 0.5265491008758545, 0.5303727984428406, 0.5317036509513855, 0.5337864756584167, 0.535273551940918, 0.5363355278968811, 0.5370567440986633, 0.5379586219787598]}