{"test_loss": 0.08448424190282822, "test_pearson": 0.6035661101341248, "val_loss": [0.09282494336366653, 0.09228567779064178, 0.09056033939123154, 0.08926773816347122, 0.08770392090082169, 0.08719465881586075, 0.08685068786144257, 0.08638688176870346, 0.08661157637834549, 0.0873531773686409, 0.08599952608346939, 0.08595966547727585, 0.08611481636762619, 0.08546231687068939, 0.08542320877313614, 0.08544805645942688, 0.08587288856506348, 0.08497506380081177, 0.08645222336053848, 0.0858876183629036, 0.08489727228879929, 0.08593234419822693, 0.0851355716586113, 0.08503372967243195], "val_pearson": [0.5575345158576965, 0.5612781643867493, 0.5715019702911377, 0.5784949064254761, 0.5861909985542297, 0.589276134967804, 0.5932749509811401, 0.5947919487953186, 0.5964847803115845, 0.5965009331703186, 0.5979216694831848, 0.5983918309211731, 0.5975335836410522, 0.6010305881500244, 0.6013578176498413, 0.6020817160606384, 0.6004881262779236, 0.6040322780609131, 0.594376802444458, 0.600224494934082, 0.6041242480278015, 0.5982429385185242, 0.6023511290550232, 0.6036893725395203], "train_loss": [0.10567547380924225, 0.09164755791425705, 0.0903082862496376, 0.08898971974849701, 0.0876813530921936, 0.08703593909740448, 0.08655188232660294, 0.08579879999160767, 0.08542397618293762, 0.08513081818819046, 0.08491870760917664, 0.08484555035829544, 0.08476375788450241, 0.08450797200202942, 0.08433087170124054, 0.08421232551336288, 0.08409158885478973, 0.08402413874864578, 0.08393289148807526, 0.08383440226316452, 0.08378351479768753, 0.08379732072353363, 0.08384593576192856, 0.08377164602279663], "train_pearson": [0.49445804953575134, 0.5649749636650085, 0.5720566511154175, 0.5806999206542969, 0.5882560610771179, 0.5923686623573303, 0.5953184366226196, 0.5999810099601746, 0.6023485064506531, 0.6047805547714233, 0.6054286956787109, 0.6061680912971497, 0.6069261431694031, 0.6081782579421997, 0.6096270680427551, 0.6106456518173218, 0.6109521389007568, 0.6117202043533325, 0.6121159195899963, 0.6125758290290833, 0.6127257943153381, 0.6128616333007812, 0.612800657749176, 0.6128154397010803]}