{"test_loss": 0.08754146844148636, "test_pearson": 0.5252478122711182, "val_loss": [0.09074187278747559, 0.09003481268882751, 0.08815634995698929, 0.08764186501502991, 0.08743662387132645, 0.08688019216060638, 0.08721055835485458, 0.08759108185768127, 0.08735223114490509], "val_pearson": [0.502140462398529, 0.5094117522239685, 0.523666262626648, 0.5262218117713928, 0.5297325253486633, 0.5321486592292786, 0.5303590297698975, 0.5324648022651672, 0.5339599251747131], "train_loss": [0.09896722435951233, 0.09017611294984818, 0.08902475982904434, 0.08790972828865051, 0.08748231083154678, 0.08718892931938171, 0.08704951405525208, 0.08688899129629135, 0.08628030121326447], "train_pearson": [0.4667982757091522, 0.5098278522491455, 0.5188934206962585, 0.5269684195518494, 0.5303460955619812, 0.5323768854141235, 0.5338743925094604, 0.5355619788169861, 0.5399949550628662]}