{"test_loss": 0.06343109160661697, "test_pearson": 0.2697131335735321, "val_loss": [0.063988097012043, 0.06358394026756287, 0.063845194876194, 0.0638711228966713, 0.06405451148748398], "val_pearson": [0.2799099385738373, 0.28411945700645447, 0.28399813175201416, 0.2814107835292816, 0.2803051769733429], "train_loss": [0.06823280453681946, 0.06411764025688171, 0.06405040621757507, 0.0639820247888565, 0.06387363374233246], "train_pearson": [0.26998865604400635, 0.28321781754493713, 0.28352662920951843, 0.2839987277984619, 0.28509846329689026]}