{"test_loss": 0.08712439984083176, "test_pearson": 0.2991236448287964, "val_loss": [0.08871859312057495, 0.08978863060474396, 0.08796899020671844, 0.08897292613983154, 0.08809050172567368, 0.08714167028665543, 0.08793243020772934, 0.08826892822980881, 0.08780404925346375], "val_pearson": [0.2836604118347168, 0.2936007082462311, 0.2890515923500061, 0.2913658916950226, 0.29245078563690186, 0.30066990852355957, 0.29307201504707336, 0.2927345037460327, 0.29656779766082764], "train_loss": [0.10757473856210709, 0.10292568057775497, 0.10269606858491898, 0.10249707847833633, 0.10235320776700974, 0.10223273932933807, 0.10228670388460159, 0.10220248252153397, 0.1021299809217453], "train_pearson": [0.26675066351890564, 0.2856420874595642, 0.2899808883666992, 0.29168152809143066, 0.2933446168899536, 0.2941460907459259, 0.29527711868286133, 0.2959766685962677, 0.29640993475914]}