{"test_loss": 0.08954236656427383, "test_pearson": 0.4257243871688843, "val_loss": [0.09654369205236435, 0.09562932699918747, 0.09399411082267761, 0.09235959500074387, 0.09112248569726944, 0.09138411283493042, 0.090097576379776, 0.09042147547006607, 0.08970626443624496, 0.08979018777608871, 0.08972993493080139, 0.08987977355718613], "val_pearson": [0.35029536485671997, 0.3780578672885895, 0.381368488073349, 0.39931103587150574, 0.413479208946228, 0.4213259816169739, 0.4244850277900696, 0.42486441135406494, 0.42911937832832336, 0.4333512485027313, 0.43061506748199463, 0.427821546792984], "train_loss": [0.10975372791290283, 0.0952853411436081, 0.09410644322633743, 0.09286456555128098, 0.09168849885463715, 0.09069731086492538, 0.08997253328561783, 0.08950356394052505, 0.08917681872844696, 0.0889691710472107, 0.08870253711938858, 0.08856276422739029], "train_pearson": [0.2801680862903595, 0.36807191371917725, 0.38177311420440674, 0.39643946290016174, 0.4092419445514679, 0.42013469338417053, 0.4278043508529663, 0.43227753043174744, 0.43550732731819153, 0.43842560052871704, 0.4407293200492859, 0.44201090931892395]}