{"test_loss": 0.07987197488546371, "test_pearson": 0.46143296360969543, "val_loss": [0.08555364608764648, 0.08433867245912552, 0.08289607614278793, 0.08195164799690247, 0.08105017989873886, 0.08038274198770523, 0.07938618212938309, 0.07947215437889099, 0.07913830131292343, 0.07904646545648575, 0.07928334176540375, 0.07909733802080154, 0.07926234602928162], "val_pearson": [0.40364861488342285, 0.42135846614837646, 0.4406092166900635, 0.44355514645576477, 0.46674907207489014, 0.4648262858390808, 0.4710194170475006, 0.47028154134750366, 0.4734545052051544, 0.47441229224205017, 0.4721754193305969, 0.4744279682636261, 0.4760974943637848], "train_loss": [0.0923309400677681, 0.0846620500087738, 0.08347474038600922, 0.08185911923646927, 0.08059531450271606, 0.07989703118801117, 0.07938437163829803, 0.07902941107749939, 0.07883566617965698, 0.07848071306943893, 0.07841907441616058, 0.07839258760213852, 0.07828901708126068], "train_pearson": [0.34643226861953735, 0.4155837297439575, 0.4298585057258606, 0.44696682691574097, 0.4602600038051605, 0.46802863478660583, 0.47273507714271545, 0.47659608721733093, 0.47920551896095276, 0.481693297624588, 0.48323142528533936, 0.48363208770751953, 0.4849037826061249]}