{"test_loss": 0.09554419666528702, "test_pearson": 0.5607114434242249, "val_loss": [0.09907367825508118, 0.09673544019460678, 0.09664053469896317, 0.09599311649799347, 0.09943758696317673, 0.09570323675870895, 0.09548794478178024, 0.09581245481967926, 0.09566637128591537, 0.09591970592737198], "val_pearson": [0.5551126599311829, 0.558813214302063, 0.5622119307518005, 0.5631182193756104, 0.5623492002487183, 0.5632199645042419, 0.5637516975402832, 0.5624186992645264, 0.5637286305427551, 0.5631234049797058], "train_loss": [0.10652773082256317, 0.09712810069322586, 0.09656187891960144, 0.09641005843877792, 0.09629068523645401, 0.09609167277812958, 0.09603921324014664, 0.09608336538076401, 0.09593955427408218, 0.09598058462142944], "train_pearson": [NaN, 0.556814432144165, 0.559562087059021, 0.5610730051994324, 0.5621805787086487, 0.5625582337379456, 0.5632731318473816, 0.5635685920715332, 0.5639328956604004, 0.5641315579414368]}