{"test_loss": 0.08655671030282974, "test_pearson": 0.6260465979576111, "val_loss": [0.09098532050848007, 0.08818303793668747, 0.08718178421258926, 0.087753064930439, 0.08748874813318253, 0.08689946681261063, 0.08673832565546036, 0.0864994004368782, 0.08719706535339355, 0.08680949360132217, 0.08713693916797638], "val_pearson": [0.6076100468635559, 0.6183473467826843, 0.624761164188385, 0.625510573387146, 0.6253155469894409, 0.6268671751022339, 0.6284406185150146, 0.6285077929496765, 0.6272261738777161, 0.6273860931396484, 0.6263255476951599], "train_loss": [0.09655056893825531, 0.08921687304973602, 0.08806894719600677, 0.08756101131439209, 0.08740076422691345, 0.08712843805551529, 0.08710836619138718, 0.08692584186792374, 0.08684808760881424, 0.08677253872156143, 0.0866665169596672], "train_pearson": [0.5807185173034668, 0.6158077716827393, 0.6218867897987366, 0.6244510412216187, 0.6258878111839294, 0.6271438002586365, 0.627907395362854, 0.6283872127532959, 0.6291215419769287, 0.6290855407714844, 0.6296579837799072]}