{"test_loss": 0.04226178675889969, "test_pearson": 0.3159309923648834, "val_loss": [0.04290950670838356, 0.04234033823013306, 0.04218047484755516, 0.04210604727268219, 0.04223150759935379, 0.04307755455374718, 0.04212971404194832], "val_pearson": [0.3090131878852844, 0.3276044428348541, 0.33135178685188293, 0.3315353989601135, 0.3304135203361511, 0.3364022970199585, 0.33595141768455505], "train_loss": [0.06308168917894363, 0.04283918812870979, 0.04274773597717285, 0.04244879260659218, 0.04246404021978378, 0.04219371825456619, 0.04215185344219208], "train_pearson": [0.23995459079742432, 0.3244686424732208, 0.33536818623542786, 0.339986652135849, 0.3425336480140686, 0.34370291233062744, 0.34486109018325806]}