{"test_loss": 0.09006515890359879, "test_pearson": 0.604741096496582, "val_loss": [0.09183967858552933, 0.08987367898225784, 0.08968812972307205, 0.09056511521339417, 0.09036318957805634, 0.08996585011482239], "val_pearson": [0.5954134464263916, 0.6064981818199158, 0.6074109077453613, 0.6086969375610352, 0.6082040071487427, 0.6084823608398438], "train_loss": [0.09843306988477707, 0.09118803590536118, 0.09016557782888412, 0.09004178643226624, 0.08983757346868515, 0.08977022767066956], "train_pearson": [0.5776875019073486, 0.6019584536552429, 0.6067966818809509, 0.6081589460372925, 0.608822226524353, 0.6093152165412903]}