{"test_loss": 0.08961977809667587, "test_pearson": 0.6073886156082153, "val_loss": [0.09030063450336456, 0.08944322913885117, 0.08937158435583115, 0.08950378745794296, 0.08936545997858047, 0.08945667743682861, 0.09158797562122345, 0.08932367712259293, 0.08933340013027191, 0.08999620378017426, 0.08926068991422653, 0.08918307721614838, 0.0892566367983818, 0.0893835499882698, 0.09007541835308075], "val_pearson": [0.6081219911575317, 0.6089465618133545, 0.6095059514045715, 0.6102460026741028, 0.6097308993339539, 0.610741138458252, 0.6107499003410339, 0.61045902967453, 0.6112833619117737, 0.6102458238601685, 0.6104109883308411, 0.6103624105453491, 0.6109738349914551, 0.6110641956329346, 0.6109234094619751], "train_loss": [0.09388532489538193, 0.09005133807659149, 0.08966214209794998, 0.08949725329875946, 0.0893695205450058, 0.08936293423175812, 0.08916966617107391, 0.0892203152179718, 0.08915404975414276, 0.08916915953159332, 0.08912704885005951, 0.08912480622529984, 0.08907308429479599, 0.0891193300485611, 0.08913292735815048], "train_pearson": [0.594892144203186, 0.608176589012146, 0.6101900935173035, 0.6110593676567078, 0.6119261384010315, 0.6120491027832031, 0.6125243902206421, 0.6127369403839111, 0.6128870844841003, 0.6128871440887451, 0.6131826043128967, 0.6129873991012573, 0.6130639314651489, 0.6128055453300476, 0.6127855777740479]}