{"test_loss": 0.12910063564777374, "test_pearson": 0.39637675881385803, "val_loss": [0.13127586245536804, 0.1304483711719513, 0.13132920861244202, 0.12943845987319946, 0.12995924055576324, 0.12961840629577637, 0.12938106060028076, 0.12952236831188202, 0.13123063743114471, 0.12908074259757996, 0.12907949090003967, 0.12906882166862488, 0.12900231778621674, 0.1291779726743698, 0.1290319859981537, 0.12890024483203888, 0.1288788914680481, 0.12940023839473724, 0.12954139709472656, 0.1291295439004898], "val_pearson": [0.3850432336330414, 0.393157958984375, 0.3938802182674408, 0.3966844081878662, 0.3989996016025543, 0.398860365152359, 0.3978862464427948, 0.401524156332016, 0.39813777804374695, 0.4014679789543152, 0.40039923787117004, 0.4006673991680145, 0.4005788564682007, 0.4009932279586792, 0.40113207697868347, 0.40112319588661194, 0.401345819234848, 0.3999314308166504, 0.3997935354709625, 0.40047863125801086], "train_loss": [0.13858003914356232, 0.13095107674598694, 0.13034698367118835, 0.1300336718559265, 0.12974759936332703, 0.12960109114646912, 0.1294136494398117, 0.1292664259672165, 0.12935766577720642, 0.12922713160514832, 0.12926630675792694, 0.12921565771102905, 0.12925995886325836, 0.12916681170463562, 0.12916381657123566, 0.12912937998771667, 0.1291983276605606, 0.12911921739578247, 0.12908312678337097, 0.12904123961925507], "train_pearson": [0.36319205164909363, 0.3886738121509552, 0.39341333508491516, 0.3962474763393402, 0.39828360080718994, 0.3994084596633911, 0.4003373384475708, 0.40140485763549805, 0.4015308618545532, 0.40197837352752686, 0.4017193615436554, 0.40223079919815063, 0.40203186869621277, 0.40189680457115173, 0.402170866727829, 0.4022558331489563, 0.4022507071495056, 0.4023679494857788, 0.4028940796852112, 0.40273404121398926]}