{"test_loss": 0.08820895105600357, "test_pearson": 0.6151522397994995, "val_loss": [0.09011273086071014, 0.09075023978948593, 0.08880528807640076, 0.08818937838077545, 0.08829431235790253, 0.08786774426698685, 0.08778531104326248, 0.08854708820581436, 0.08892634510993958, 0.08780621737241745], "val_pearson": [0.6048921942710876, 0.6088012456893921, 0.6176514029502869, 0.6160933971405029, 0.6174880266189575, 0.6182388663291931, 0.6185266375541687, 0.618701159954071, 0.616762638092041, 0.6188923120498657], "train_loss": [0.09527299553155899, 0.09030361473560333, 0.0893048346042633, 0.08848901093006134, 0.0882081538438797, 0.08819743245840073, 0.08814144879579544, 0.08805223554372787, 0.0880688801407814, 0.08797214180231094], "train_pearson": [0.589553713798523, 0.6070277690887451, 0.6126428246498108, 0.6168959140777588, 0.6178975701332092, 0.618270754814148, 0.6186813712120056, 0.6189978718757629, 0.6191274523735046, 0.6192455887794495]}