{"test_loss": 0.08192790299654007, "test_pearson": 0.6889142394065857, "val_loss": [0.08840067684650421, 0.08821441978216171, 0.0870463028550148, 0.08451167494058609, 0.08340265601873398, 0.08330283313989639, 0.08296961337327957, 0.0839683786034584, 0.08296229690313339, 0.08407217264175415, 0.0832788348197937, 0.08405546098947525], "val_pearson": [0.6609405875205994, 0.664596676826477, 0.6698819994926453, 0.6817627549171448, 0.6843416094779968, 0.685451090335846, 0.6870288252830505, 0.6861652135848999, 0.6868765950202942, 0.6848458647727966, 0.685163140296936, 0.6857286691665649], "train_loss": [0.09509850293397903, 0.08797992765903473, 0.08753890544176102, 0.08442441374063492, 0.08320530503988266, 0.08288419246673584, 0.08268444985151291, 0.08265917003154755, 0.08258388936519623, 0.08247575163841248, 0.08254114538431168, 0.08254004269838333], "train_pearson": [0.6398546099662781, 0.6658098697662354, 0.6679403185844421, 0.6820502877235413, 0.6873648762702942, 0.6891080141067505, 0.6895084381103516, 0.6898733973503113, 0.6899366974830627, 0.6904302835464478, 0.690358579158783, 0.6904056072235107]}