{"test_loss": 0.08791212737560272, "test_pearson": 0.6166397929191589, "val_loss": [0.09175068140029907, 0.08995767682790756, 0.08973582834005356, 0.08974491059780121, 0.087934710085392, 0.08835107088088989, 0.0876813679933548, 0.08805079758167267, 0.0885719284415245, 0.08775520324707031], "val_pearson": [0.5966822504997253, 0.6071820855140686, 0.6084141731262207, 0.6086277365684509, 0.6182575821876526, 0.617577075958252, 0.6189174652099609, 0.6184989809989929, 0.6173773407936096, 0.6186017394065857], "train_loss": [0.09687547385692596, 0.09071091562509537, 0.08998963981866837, 0.0899096205830574, 0.08899607509374619, 0.08826006203889847, 0.08816681802272797, 0.08813382685184479, 0.08802079409360886, 0.08802110701799393], "train_pearson": [0.5797872543334961, 0.604676365852356, 0.6081921458244324, 0.6089940667152405, 0.6140731573104858, 0.6181318163871765, 0.6185563802719116, 0.6186850666999817, 0.6189252138137817, 0.6191149353981018]}