{"test_loss": 0.08190469443798065, "test_pearson": 0.22820214927196503, "val_loss": [0.08311988413333893, 0.08224162459373474, 0.08188416063785553, 0.08344703912734985, 0.08175170421600342, 0.08534892648458481, 0.08332283794879913, 0.08280684798955917], "val_pearson": [0.2081933319568634, 0.22453060746192932, 0.23195581138134003, 0.22939424216747284, 0.2355508953332901, 0.23597800731658936, 0.233437180519104, 0.2330014556646347], "train_loss": [0.11117111146450043, 0.08288118243217468, 0.08212830871343613, 0.08200063556432724, 0.0817958414554596, 0.08159888535737991, 0.0816381424665451, 0.08131027221679688], "train_pearson": [0.13478058576583862, 0.22314955294132233, 0.24058812856674194, 0.24824655055999756, 0.25296083092689514, 0.25621816515922546, 0.25912508368492126, 0.2603493928909302]}