{"test_loss": 0.08960352838039398, "test_pearson": 0.6079787015914917, "val_loss": [0.09203799068927765, 0.089909128844738, 0.08973371237516403, 0.08947126567363739, 0.0896449014544487, 0.08934494853019714, 0.08934763818979263, 0.08995208144187927, 0.09006093442440033], "val_pearson": [0.5946463942527771, 0.608040988445282, 0.6084824204444885, 0.6094723343849182, 0.6086377501487732, 0.6096140742301941, 0.6092854738235474, 0.6087239384651184, 0.6089646220207214], "train_loss": [0.09808184951543808, 0.09107551723718643, 0.09008177369832993, 0.08983242511749268, 0.08984991163015366, 0.08964245021343231, 0.08960176259279251, 0.08951407670974731, 0.08960801362991333], "train_pearson": [0.5773560404777527, 0.6024271249771118, 0.6078000664710999, 0.6089993119239807, 0.6095525026321411, 0.6103212237358093, 0.6107365489006042, 0.6109679937362671, 0.6108680963516235]}