{"test_loss": 0.08971291035413742, "test_pearson": 0.6067845821380615, "val_loss": [0.09275224059820175, 0.09068572521209717, 0.09013620018959045, 0.08986832201480865, 0.08958979696035385, 0.08971217274665833, 0.09042610228061676, 0.08940861374139786, 0.08960341662168503, 0.08933167159557343, 0.0895477682352066, 0.09101998805999756, 0.08934663981199265], "val_pearson": [0.5924904942512512, 0.6068680882453918, 0.6078033447265625, 0.6078442335128784, 0.6089637875556946, 0.6093752980232239, 0.6091938018798828, 0.6095127463340759, 0.6098100543022156, 0.6095262169837952, 0.6099684238433838, 0.6091874837875366, 0.6092601418495178], "train_loss": [0.10070033371448517, 0.09098390489816666, 0.09009478986263275, 0.08990070968866348, 0.08983207494020462, 0.0895998626947403, 0.08959070593118668, 0.08950406312942505, 0.08949211984872818, 0.08945781737565994, 0.08950356394052505, 0.08953234553337097, 0.08949447423219681], "train_pearson": [0.5712993144989014, 0.6031872034072876, 0.6075692772865295, 0.6088811755180359, 0.6096792817115784, 0.6100676655769348, 0.6104311943054199, 0.6107735633850098, 0.6109015941619873, 0.610946536064148, 0.6110823154449463, 0.6110695600509644, 0.6111950278282166]}