{"test_loss": 0.06734881550073624, "test_pearson": 0.707487165927887, "val_loss": [0.06846977025270462, 0.0704709142446518, 0.06818921118974686, 0.0681246891617775, 0.06768519431352615, 0.06797239184379578, 0.06802001595497131, 0.06735167652368546, 0.0681963562965393, 0.06740027666091919, 0.06718196719884872, 0.06957955658435822, 0.06734855473041534, 0.06724346429109573], "val_pearson": [0.7016100287437439, 0.7014727592468262, 0.7034085988998413, 0.7034547328948975, 0.7072869539260864, 0.7072824835777283, 0.7072884440422058, 0.7072233557701111, 0.7073980569839478, 0.7085351943969727, 0.7089425921440125, 0.70802241563797, 0.7075893878936768, 0.7082875967025757], "train_loss": [0.07252073287963867, 0.06922682374715805, 0.06897421926259995, 0.06892932951450348, 0.0681689977645874, 0.06794553250074387, 0.0679052397608757, 0.0678817555308342, 0.06783077865839005, 0.06783819198608398, 0.06781598180532455, 0.06784520298242569, 0.06783881783485413, 0.06780149042606354], "train_pearson": [0.6925761103630066, 0.7009198665618896, 0.7019277811050415, 0.7023302316665649, 0.7055861949920654, 0.707053542137146, 0.7071553468704224, 0.7072811126708984, 0.7072811126708984, 0.7072893977165222, 0.7073072195053101, 0.7074577212333679, 0.7073289155960083, 0.7074500322341919]}