{"test_loss": 0.10943516343832016, "test_pearson": 0.510010302066803, "val_loss": [0.11457569152116776, 0.11371830850839615, 0.11340609937906265, 0.11143499612808228, 0.11186583340167999, 0.1107853576540947, 0.11093033105134964, 0.11062371730804443, 0.11132973432540894, 0.11072420328855515, 0.11248863488435745], "val_pearson": [0.47941815853118896, 0.4849357306957245, 0.4866006076335907, 0.4999833106994629, 0.5020178556442261, 0.504360556602478, 0.5036361217498779, 0.5054845213890076, 0.5035123229026794, 0.504517138004303, 0.5035051703453064], "train_loss": [0.12124944478273392, 0.11407215893268585, 0.11352477222681046, 0.11268673837184906, 0.11092125624418259, 0.11065500229597092, 0.11054323613643646, 0.11040256917476654, 0.11044828593730927, 0.1103300079703331, 0.11030475795269012], "train_pearson": [0.45544925332069397, 0.4860328137874603, 0.48957359790802, 0.49490854144096375, 0.5066373944282532, 0.5081853866577148, 0.5090763568878174, 0.5094948410987854, 0.5099522471427917, 0.5100849270820618, 0.5104717016220093]}