{"test_loss": 0.04199318215250969, "test_pearson": 0.3229448199272156, "val_loss": [0.04383397102355957, 0.04286812245845795, 0.044426657259464264, 0.042787954211235046, 0.04306796193122864, 0.04212694242596626, 0.04208681359887123, 0.04209095612168312, 0.042124729603528976, 0.0421544648706913], "val_pearson": [0.275054395198822, 0.31403952836990356, 0.3186776340007782, 0.3235831558704376, 0.3270370066165924, 0.33051633834838867, 0.33199068903923035, 0.33171582221984863, 0.3322063386440277, 0.32923707365989685], "train_loss": [0.0771949365735054, 0.04330858960747719, 0.04274439811706543, 0.04272263124585152, 0.042607665061950684, 0.0423283651471138, 0.04222385585308075, 0.042046915739774704, 0.04203356057405472, 0.04206479340791702], "train_pearson": [0.20883287489414215, 0.30537164211273193, 0.3247990012168884, 0.3319835662841797, 0.33589252829551697, 0.33975914120674133, 0.3419717848300934, 0.3452472388744354, 0.3455389440059662, 0.34698328375816345]}