{"test_loss": 0.11714722961187363, "test_pearson": 0.6711182594299316, "val_loss": [0.12704578042030334, 0.12188316136598587, 0.12087319791316986, 0.12029213458299637, 0.12474752962589264, 0.12288235127925873, 0.11978812515735626, 0.12171297520399094, 0.11844062805175781, 0.11878121644258499, 0.11876921355724335, 0.11797697097063065, 0.11905988305807114, 0.12142808735370636, 0.12013382464647293], "val_pearson": [0.6365408897399902, 0.6535874605178833, 0.6592900156974792, 0.6612424850463867, 0.6652528643608093, 0.6608476042747498, 0.6611096262931824, 0.6618924736976624, 0.6689214706420898, 0.6670852899551392, 0.6670478582382202, 0.6691674590110779, 0.6655535697937012, 0.657324492931366, 0.6688505411148071], "train_loss": [0.14433513581752777, 0.12404448539018631, 0.12044701725244522, 0.11892272531986237, 0.1184074878692627, 0.11806981265544891, 0.11739201843738556, 0.11729444563388824, 0.11703786253929138, 0.11691295355558395, 0.11667846143245697, 0.11661308258771896, 0.11642857640981674, 0.11638688296079636, 0.11636099964380264], "train_pearson": [0.5933789610862732, 0.6488184928894043, 0.6619074940681458, 0.6663737893104553, 0.668310821056366, 0.6701343059539795, 0.6715682148933411, 0.6724075078964233, 0.6728693842887878, 0.6734403371810913, 0.6743364930152893, 0.6740750670433044, 0.6751757264137268, 0.6745748519897461, 0.6756943464279175]}