{"test_loss": 0.10903654992580414, "test_pearson": 0.511690616607666, "val_loss": [0.11180116981267929, 0.11191058903932571, 0.11226200312376022, 0.11137689650058746, 0.11171216517686844, 0.1112208366394043, 0.11149761080741882, 0.11032039672136307, 0.11050645262002945, 0.11035948991775513, 0.11164388060569763], "val_pearson": [0.4969421923160553, 0.4976714551448822, 0.4968324303627014, 0.5049071907997131, 0.5031845569610596, 0.5059216022491455, 0.5030375719070435, 0.5068434476852417, 0.5064237117767334, 0.5076479911804199, 0.5042482018470764], "train_loss": [0.11927314102649689, 0.11182967573404312, 0.1114710196852684, 0.1110471859574318, 0.11061597615480423, 0.11068376153707504, 0.1104758083820343, 0.11034213751554489, 0.11017048358917236, 0.11012767255306244, 0.11003550887107849], "train_pearson": [0.46796634793281555, 0.5015373229980469, 0.5039405822753906, 0.5064736008644104, 0.5090428590774536, 0.5093440413475037, 0.5103458762168884, 0.5112216472625732, 0.5123012661933899, 0.5125006437301636, 0.5131896734237671]}