{"test_loss": 0.08339732885360718, "test_pearson": 0.3805306851863861, "val_loss": [0.08536586165428162, 0.08445173501968384, 0.0843365415930748, 0.08322232961654663, 0.08394640684127808, 0.08336091786623001, 0.08396372199058533], "val_pearson": [0.3640698194503784, 0.379184752702713, 0.3840065002441406, 0.39067062735557556, 0.3905212879180908, 0.3893697261810303, 0.39052116870880127], "train_loss": [0.09612561017274857, 0.0850755125284195, 0.08420451730489731, 0.08376375585794449, 0.08357208967208862, 0.08343412727117538, 0.08326998353004456], "train_pearson": [0.3002333641052246, 0.3713543117046356, 0.3815510869026184, 0.38704970479011536, 0.3899953365325928, 0.39171987771987915, 0.3937028646469116]}