{"test_loss": 0.06969140470027924, "test_pearson": 0.5804370045661926, "val_loss": [0.07212501019239426, 0.07089722901582718, 0.07086242735385895, 0.07010626792907715, 0.07010865956544876, 0.07152609527111053, 0.0705186277627945], "val_pearson": [0.5680990219116211, 0.5755010843276978, 0.579038679599762, 0.5820947289466858, 0.5831647515296936, 0.5836362838745117, 0.5842859745025635], "train_loss": [0.08208680897951126, 0.07135406136512756, 0.0705609917640686, 0.07020249217748642, 0.06996765732765198, 0.06982937455177307, 0.06976323574781418], "train_pearson": [0.5371327996253967, 0.5753100514411926, 0.5810930132865906, 0.5838998556137085, 0.5856841802597046, 0.5871177315711975, 0.5880259275436401]}