{"test_loss": 0.0805874615907669, "test_pearson": 0.4497506022453308, "val_loss": [0.08503709733486176, 0.08407082408666611, 0.08189775049686432, 0.08510380238294601, 0.08149192482233047, 0.08077824115753174, 0.0807269960641861, 0.08051212131977081, 0.08073986321687698, 0.08072133362293243, 0.08052898198366165], "val_pearson": [0.41405367851257324, 0.4202568531036377, 0.440815269947052, 0.44245246052742004, 0.45265287160873413, 0.45314300060272217, 0.456532746553421, 0.45521509647369385, 0.4531146287918091, 0.45374876260757446, 0.4561554193496704], "train_loss": [0.08921373635530472, 0.08467855304479599, 0.08349636197090149, 0.0822310820221901, 0.08153790235519409, 0.08115700632333755, 0.0810084193944931, 0.08093187212944031, 0.08089712262153625, 0.0808066800236702, 0.08081361651420593], "train_pearson": [0.3856668472290039, 0.4141589105129242, 0.42651280760765076, 0.4410598874092102, 0.4489660859107971, 0.4520946741104126, 0.4536372721195221, 0.4546206295490265, 0.4549257755279541, 0.4560212194919586, 0.4563954770565033]}