{"test_loss": 0.2034289538860321, "test_pearson": 0.4218430519104004, "val_loss": [0.20903435349464417, 0.2086128145456314, 0.2100774198770523, 0.21011947095394135, 0.20773744583129883, 0.20577841997146606, 0.20540748536586761, 0.20703575015068054, 0.20536652207374573, 0.20407144725322723, 0.2054220587015152, 0.20817461609840393, 0.20395922660827637, 0.20424260199069977, 0.20551003515720367, 0.20525908470153809], "val_pearson": [0.39550280570983887, 0.4043560326099396, 0.410009503364563, 0.41294339299201965, 0.4140534996986389, 0.4165332615375519, 0.41975685954093933, 0.4200504422187805, 0.41806480288505554, 0.41990894079208374, 0.41806361079216003, 0.41857725381851196, 0.42030781507492065, 0.41910016536712646, 0.42016592621803284, 0.4208613932132721], "train_loss": [0.23545990884304047, 0.20940668880939484, 0.20724265277385712, 0.2062036097049713, 0.20574451982975006, 0.2047407329082489, 0.20457565784454346, 0.2042442262172699, 0.20376244187355042, 0.20378465950489044, 0.20357532799243927, 0.20327654480934143, 0.20319102704524994, 0.20319877564907074, 0.20299258828163147, 0.20269037783145905], "train_pearson": [0.3331546485424042, 0.4019654095172882, 0.41006505489349365, 0.41517868638038635, 0.41792288422584534, 0.42071372270584106, 0.4225158393383026, 0.4238548278808594, 0.4253041744232178, 0.42632290720939636, 0.4270099401473999, 0.42806264758110046, 0.4285503029823303, 0.4289858341217041, 0.4295651316642761, 0.430157870054245]}