{"test_loss": 0.0948973000049591, "test_pearson": 0.1989498734474182, "val_loss": [0.09608349949121475, 0.09466858208179474, 0.09496375173330307, 0.09493391215801239, 0.09500639885663986], "val_pearson": [0.21084442734718323, 0.21333524584770203, 0.2123110443353653, 0.21107545495033264, 0.20511895418167114], "train_loss": [0.09926352649927139, 0.09512355923652649, 0.0950223058462143, 0.09498341381549835, 0.09498012065887451], "train_pearson": [0.1880163997411728, 0.2091505378484726, 0.2097243219614029, 0.2100047618150711, 0.20995572209358215]}