{"test_loss": 0.09641962498426437, "test_pearson": 0.4427846670150757, "val_loss": [0.09756392985582352, 0.09707477688789368, 0.09764540195465088, 0.097190260887146, 0.09652885794639587, 0.09711983054876328, 0.09596380591392517, 0.09653352200984955, 0.09730423241853714, 0.0975269302725792], "val_pearson": [0.4373069107532501, 0.4412165582180023, 0.4405304491519928, 0.4493301510810852, 0.44818153977394104, 0.45021042227745056, 0.4518382251262665, 0.45004895329475403, 0.4473184049129486, 0.4496594965457916], "train_loss": [0.10341722518205643, 0.09847463667392731, 0.09797333180904388, 0.09754234552383423, 0.09736838191747665, 0.09719337522983551, 0.09708739072084427, 0.0970764309167862, 0.09692008793354034, 0.09692400693893433], "train_pearson": [0.41387414932250977, 0.430583655834198, 0.435313880443573, 0.4391428828239441, 0.4411426782608032, 0.44214382767677307, 0.44314050674438477, 0.44338610768318176, 0.44431057572364807, 0.44487616419792175]}